{"sections":{"breadcrumbs":{"type":"main-breadcrumbs","settings":{"full-width-enabled":false,"text_color":"rgba(0,0,0,0)","background_color":"rgba(0,0,0,0)","margin-top":16,"margin-bottom":0}},"banner":{"type":"main-collection-banner","settings":{"show_collection_description":true,"layout":"text_first","desktop-percentage-image-width":50,"slide_height":"fixed_height","desktop_fixed_height":260,"mobile_fixed_height":260,"full-width-enabled":true,"size_heading":180,"size_heading_mobile":230,"desktop_text_vertical_position":"center","desktop_text_horizontal_position":"left","mobile_text_horizontal_position":"center","color-body-text":"rgba(0,0,0,0)","color-overlay":"rgba(0,0,0,0)","color-overlay-opacity":100,"margin-top":12,"margin-bottom":12}},"title":{"type":"main-collection-title","disabled":true,"settings":{"full-width-enabled":false,"show_collection_description":true,"desktop_text_horizontal_position":"center","size_heading":200,"size_heading_mobile":140,"color-body-text":"rgba(0,0,0,0)","background_color":"rgba(0,0,0,0)","margin-top":24,"margin-bottom":24}},"product-grid":{"type":"main-collection-product-grid","settings":{"products_per_page":12,"columns_mobile":"2","columns_desktop":"4","spacing_desktop":"16","full-width-enabled":false,"image_ratio":"adapt","show_video":false,"show_secondary_image":false,"show_vendor":true,"show_product_rating":false,"enable_quick_add_button":true,"text_alignment":"left","toolbar_style":"minimal","enable_sorting":true,"enable_filtering":true,"filter_position":"drawer","margin-top":0,"margin-bottom":28}},"collection_feature_GAmGBC":{"type":"collection-feature","blocks":{"column_Tdh6Cc":{"type":"column","settings":{"collection":"","heading":"","color-body-text":"transparent","background_color":"transparent"}},"column_jeNKhU":{"type":"column","settings":{"collection":"","heading":"","color-body-text":"transparent","background_color":"transparent"}},"column_ce8CBW":{"type":"column","settings":{"collection":"","heading":"","color-body-text":"transparent","background_color":"transparent"}}},"block_order":["column_Tdh6Cc","column_jeNKhU","column_ce8CBW"],"settings":{"heading":"Collection feature","size_heading":250,"line_height":1.5,"size_heading_mobile":200,"line_height_mobile":1.5,"color-body-text":"transparent","background_color":"transparent","margin-top":20,"margin-bottom":20}},"features_banner_hADmFT":{"type":"features-banner","blocks":{"image_bf9aR9":{"type":"image","settings":{"select_icon":"user","heading":"Banner title","text":"<p>Items you love at prices that fit your budget.<\/p>"}},"image_gcNmVy":{"type":"image","settings":{"select_icon":"bag","heading":"Banner title","text":"<p>Items you love at prices that fit your budget.<\/p>"}},"image_yX8NnD":{"type":"image","settings":{"select_icon":"star","heading":"Banner title","text":"<p>Items you love at prices that fit your budget.<\/p>"}},"image_qgFzka":{"type":"image","settings":{"select_icon":"search","heading":"Banner title","text":"<p>Items you love at prices that fit your budget.<\/p>"}}},"block_order":["image_bf9aR9","image_gcNmVy","image_yX8NnD","image_qgFzka"],"settings":{"heading":"","size_heading_mobile":70,"size_heading":70,"icon_layout":"center","icon_layout_mobile":"grid","color_body_icon":"transparent","color_body_text":"transparent","background_color":"transparent","margin-top":40,"margin-bottom":40}},"newsletter_RKrFQt":{"type":"newsletter","blocks":{"heading_a9LR3K":{"type":"heading","settings":{"heading":"Subscribe to our emails","heading_disable_on_mobile":false,"size_heading":100,"size_heading_mobile":100}},"paragraph_D6ggC7":{"type":"paragraph","settings":{"paragraph":"<p>Be the first to know about new collections and exclusive offers.<\/p>","text_disable_on_mobile":false}},"email_form_Eqqhw8":{"type":"email_form","settings":{"button_select":"primary"}}},"block_order":["heading_a9LR3K","paragraph_D6ggC7","email_form_Eqqhw8"],"settings":{"color-body-text":"transparent","background_color":"transparent","margin-top":60,"margin-bottom":60}}},"order":["breadcrumbs","banner","title","product-grid","collection_feature_GAmGBC","features_banner_hADmFT","newsletter_RKrFQt"]}