{"sections":{"16540314906fe3fb2b":{"type":"lookbook","blocks":{"165403149033c6e38b-0":{"type":"image","settings":{"desktop_image":"shopify:\/\/shop_images\/Untitled-6.jpg","link":""}},"e0e65e1d-9db5-40fb-aa20-ca8d64764927":{"type":"image","settings":{"desktop_image":"shopify:\/\/shop_images\/lady-2_1100x_efefde0a-e5fd-4c9e-8efc-68b86512957c.webp","link":""}},"914a1ef1-2299-430f-b59f-c92b47c0b2c0":{"type":"image","settings":{"desktop_image":"shopify:\/\/shop_images\/1c.jpg","link":""}},"96385f4d-1978-4698-a429-dcb4ce024765":{"type":"image","settings":{"desktop_image":"shopify:\/\/shop_images\/foto-test.jpg","link":""}},"7b1b6bc3-f154-471d-b3b4-f28018c67f9c":{"type":"image","settings":{"desktop_image":"shopify:\/\/shop_images\/shop-the-room.jpg","link":""}},"f4ac8b60-e686-4437-91b9-da06bb0d48a9":{"type":"image","settings":{"desktop_image":"shopify:\/\/shop_images\/mobile-steps-in-alcove.jpg","link":""}},"dc1e9b66-7129-4303-8b3e-6ab6814c66a7":{"type":"image","settings":{"desktop_image":"shopify:\/\/shop_images\/woman-infront-of-tree-with-berries.jpeg","link":""}},"e8ea11e0-aaca-4515-b1ff-2c9ad9ff6eb3":{"type":"image","settings":{"desktop_image":"shopify:\/\/shop_images\/woman-in-park-afternoon.jpeg","link":""}},"9f4a9a8b-d9ef-4fbe-aa5c-dbde2e0811c3":{"type":"image","settings":{"desktop_image":"shopify:\/\/shop_images\/bright-floral-womens-summer-fashion.jpg","link":""}},"c56510b3-3068-455a-9bac-ca00e8ea36bf":{"type":"image","settings":{"desktop_image":"shopify:\/\/shop_images\/fashion-portrait.jpg","link":""}},"e55ded58-1cd5-423c-83df-a15ea51295cb":{"type":"image","settings":{"desktop_image":"shopify:\/\/shop_images\/fashion-model-in-fur.jpg","link":""}}},"block_order":["165403149033c6e38b-0","e0e65e1d-9db5-40fb-aa20-ca8d64764927","914a1ef1-2299-430f-b59f-c92b47c0b2c0","96385f4d-1978-4698-a429-dcb4ce024765","7b1b6bc3-f154-471d-b3b4-f28018c67f9c","f4ac8b60-e686-4437-91b9-da06bb0d48a9","dc1e9b66-7129-4303-8b3e-6ab6814c66a7","e8ea11e0-aaca-4515-b1ff-2c9ad9ff6eb3","9f4a9a8b-d9ef-4fbe-aa5c-dbde2e0811c3","c56510b3-3068-455a-9bac-ca00e8ea36bf","e55ded58-1cd5-423c-83df-a15ea51295cb"],"settings":{"heading":"Lookbook","margin-top":40,"margin-bottom":0}},"main":{"type":"main-page","disabled":true,"settings":{"size_heading":140,"size_heading_mobile":100,"margin-top":40,"margin-bottom":0}}},"order":["16540314906fe3fb2b","main"]}