{"current":{"layout-width":1600,"radius":14,"button-radius":30,"color-background":"#ffffff","color-headings-text":"#151515","color-body-text":"#151515","color-body-text-light":"#717171","color-links":"#151515","color-links-active":"#715939","color-border":"#e7e7e7","color-overlay":"#ff9900","color-overlay-opacity":0,"color-action-text":"#ffffff","color-action-background":"#2d2d2d","color-header-text":"#151515","color-header-background":"#ffffff","color-menu-text":"#ffffff","color-menu-background":"#151515","color-button-primary-background":"#151515","color-button-primary-text":"#ffffff","color-button-primary-text-hover":"#ececec","color-button-primary-background-hover":"#2d2d2d","color-button-secondary-background":"#ffffff","color-button-secondary-border":"#dfdfdf","color-button-secondary-text":"#151515","color-button-secondary-text-hover":"#ffffff","color-button-secondary-background-hover":"#000000","color-price":"#151515","color-sale-price":"#cf4a4a","color-brand":"#717171","color-star-rating":"#fcc97e","color-sale-badge-background":"#cf4a4a","color-sold-out-text":"#151515","color-sold-out-background":"#f4e9da","color-input-text":"#151515","color-input-background":"#ffffff","color-input-border":"#d6d6d6","color-input-placeholder":"#717171","color-footer-background":"#151515","color-footer-text":"#ffffff","type_body_font":"figtree_n4","type_body_font_letter_spacing":0,"type_headings_font":"merriweather_n4","type_headings_font_letter_spacing":-0.5,"type_headings_font_line_height":1.2,"type_navigation_font":"figtree_n4","type_navigation_font_uppercase":"none","type_navigation_font_letter_spacing":0,"type_buttons_font":"figtree_n5","button_font_uppercase":"uppercase","type_button_font_letter_spacing":3,"type_price_font":"figtree_n5","type_body_font_size_breadcrumbs":12,"type_body_font_size":16,"type_headings_font_size":24,"type_navigation_font_size":16,"type_button_font_size":13,"type_body_font_size_desk_breadcrumbs":13,"type_body_font_size_desk":17,"type_headings_font_size_desk":30,"type_navigation_font_size_desk":16,"type_button_font_size_desk":13,"show_view_cart":false,"enable_cross_sells":true,"product_limit_cross_sells":6,"collection_cross_sells":"homepage-bestseller","enable_free_shipping_bar":true,"currency_code_enabled":false,"iconset":"option_1","enable-bag-icon":false,"social_twitter_link":"https:\/\/x.com\/Shopify","social_facebook_link":"https:\/\/www.facebook.com\/shopify\/?locale=pl_PL","social_pinterest_link":"https:\/\/pl.pinterest.com\/shopify\/","social_instagram_link":"https:\/\/www.instagram.com\/shopify","enable_color_swatch_in_filters":false,"swatches_config":"Cranberry: Cranberry.png\nCoffee and orange: Coffee.jpg\nMelon:Melon.png","custom-badge-1-text":"#151515","custom-badge-1-background":"#e3f2e6","custom-badge-1-input":"New","animations":true,"disabled_animations_on_mobile":true,"logo":"shopify:\/\/shop_images\/Path_849.svg","large_screen_logo_width":120,"mobile_screen_logo_width":90,"layout":"option_3","sticky_header":true,"type_button_font_uppercase":"uppercase","mobile_footer_menu":"mobile-footer","enable_wishlist":true,"type_banner_headings_font_size":20,"color-hedings-text":"#ff9900","always_mobile_navigation":false,"colors_solid_button_labels":"#d43c3c","sections":{"announcement-bar":{"type":"announcement-bar","blocks":{"announcement-bar-0":{"type":"announcement","settings":{"text":"Announce something here","link":""}}},"block_order":["announcement-bar-0"],"settings":{"marquee":false,"animation_speed":"100","checkbox_close_announcement":true,"background_color":"#e2e2e2"}},"page-header":{"type":"page-header","settings":{"show_line_separator":true,"show_shadow":true,"menu":"main-menu","mobile_footer_menu":"","transparent_header_color":"","drawer_title":"Menu","typing_search":"Start typing for search","suggestions_title":"","suggestions_menu":"main-menu"}},"page-footer":{"type":"page-footer","blocks":{"page-footer-0":{"type":"image","settings":{"image-width":150}},"page-footer-1":{"type":"text","settings":{"heading_text":"Heading","text":"<p>Text<\/p>"}},"page-footer-2":{"type":"menu","settings":{"heading_links":"Links","links":"footer"}},"menu_gQMn6C":{"type":"menu","settings":{"heading_links":"Links","links":"footer"}}},"block_order":["page-footer-0","page-footer-1","page-footer-2","menu_gQMn6C"],"settings":{"show-social-media-icons":true,"show-language-selector":true,"show-country_region_selector":true,"enable_follow_on_shop":true,"show-payments-icons":true,"show-copyright":true,"text":"© 2024 Wonder Theme Demo. <br> Powered by Shopify.","big-logo-width":100,"margin-top":20,"margin-bottom":20}},"cart-drawer":{"type":"cart-drawer","settings":{}}},"content_for_index":[],"type_body_font_uppercase":"none","type_headings_font_uppercase":"none"},"presets":{"Beauty":{"layout-width":1600,"radius":14,"button-radius":30,"color-background":"#ffffff","color-headings-text":"#151515","color-body-text":"#151515","color-body-text-light":"#717171","color-links":"#151515","color-links-active":"#715939","color-border":"#e7e7e7","color-overlay":"#ff9900","color-overlay-opacity":0,"color-action-text":"#ffffff","color-action-background":"#2d2d2d","color-header-text":"#151515","color-header-background":"#ffffff","color-menu-text":"#ffffff","color-menu-background":"#151515","color-button-primary-background":"#151515","color-button-primary-text":"#ffffff","color-button-primary-text-hover":"#ececec","color-button-primary-background-hover":"#2d2d2d","color-button-secondary-background":"#ffffff","color-button-secondary-border":"#dfdfdf","color-button-secondary-text":"#151515","color-button-secondary-text-hover":"#ffffff","color-button-secondary-background-hover":"#000000","color-price":"#151515","color-sale-price":"#cf4a4a","color-brand":"#717171","color-star-rating":"#fcc97e","color-sale-badge-background":"#cf4a4a","color-sold-out-text":"#151515","color-sold-out-background":"#f4e9da","color-input-text":"#151515","color-input-background":"#ffffff","color-input-border":"#d6d6d6","color-input-placeholder":"#717171","color-footer-background":"#151515","color-footer-text":"#ffffff","type_body_font":"figtree_n4","type_body_font_uppercase":"none","type_body_font_letter_spacing":0,"type_headings_font":"merriweather_n4","type_headings_font_uppercase":"none","type_headings_font_letter_spacing":-0.5,"type_headings_font_line_height":1.2,"type_navigation_font":"figtree_n4","type_navigation_font_uppercase":"none","type_navigation_font_letter_spacing":0,"type_buttons_font":"figtree_n5","button_font_uppercase":"uppercase","type_button_font_letter_spacing":3,"type_price_font":"figtree_n5","type_body_font_size_breadcrumbs":12,"type_body_font_size":16,"type_headings_font_size":24,"type_navigation_font_size":16,"type_button_font_size":13,"type_body_font_size_desk_breadcrumbs":13,"type_body_font_size_desk":17,"type_headings_font_size_desk":30,"type_navigation_font_size_desk":16,"type_button_font_size_desk":13,"show_view_cart":false,"enable_cross_sells":true,"product_limit_cross_sells":6,"enable_free_shipping_bar":true,"currency_code_enabled":false,"iconset":"option_1","enable-bag-icon":false,"enable_color_swatch_in_filters":false,"custom-badge-1-text":"#151515","custom-badge-1-background":"#e3f2e6","custom-badge-1-input":"New","animations":true,"disabled_animations_on_mobile":true,"large_screen_logo_width":120,"mobile_screen_logo_width":90,"layout":"option_3","sticky_header":true,"type_button_font_uppercase":"uppercase","mobile_footer_menu":"mobile-footer","enable_wishlist":true,"type_banner_headings_font_size":20,"color-hedings-text":"#ff9900","always_mobile_navigation":false,"colors_solid_button_labels":"#d43c3c"},"Wellness":{"layout-width":1600,"radius":14,"button-radius":10,"color-background":"#fbfaf6","color-headings-text":"#151515","color-body-text":"#151515","color-body-text-light":"#717171","color-links":"#151515","color-links-active":"#000000","color-border":"#000000","color-overlay":"#ff9900","color-overlay-opacity":0,"color-action-text":"#ffffff","color-action-background":"#000000","color-header-text":"#151515","color-header-background":"#ffffff","color-menu-text":"#ffffff","color-menu-background":"#151515","color-button-primary-background":"#151515","color-button-primary-text":"#ffffff","color-button-primary-text-hover":"#ececec","color-button-primary-background-hover":"#2d2d2d","color-button-secondary-background":"#ffffff","color-button-secondary-border":"#000000","color-button-secondary-text":"#000000","color-button-secondary-text-hover":"#ffffff","color-button-secondary-background-hover":"#000000","color-price":"#151515","color-sale-price":"#cf4a4a","color-brand":"#717171","color-star-rating":"#fcc97e","color-sale-badge-background":"#cf4a4a","color-sold-out-text":"#151515","color-sold-out-background":"#f4e9da","color-input-text":"#151515","color-input-background":"#ffffff","color-input-border":"#151515","color-input-placeholder":"#717171","color-footer-background":"#151515","color-footer-text":"#ffffff","type_body_font":"syne_n4","type_body_font_letter_spacing":0,"type_body_font_line_height":1.5,"type_headings_font":"syne_n7","type_headings_font_uppercase":"uppercase","type_headings_font_letter_spacing":0.5,"type_headings_font_line_height":1.1,"type_navigation_font":"syne_n6","type_navigation_font_uppercase":"uppercase","type_navigation_font_letter_spacing":0.5,"type_buttons_font":"syne_n7","button_font_uppercase":"uppercase","type_button_font_letter_spacing":2,"type_price_font":"syne_n6","type_body_font_size_breadcrumbs":12,"type_body_font_size":15,"type_headings_font_size":18,"type_navigation_font_size":13,"type_button_font_size":12,"type_body_font_size_desk_breadcrumbs":13,"type_body_font_size_desk":16,"type_headings_font_size_desk":22,"type_navigation_font_size_desk":14,"type_button_font_size_desk":12,"show_view_cart":false,"enable_cross_sells":false,"product_limit_cross_sells":6,"enable_free_shipping_bar":true,"currency_code_enabled":false,"iconset":"option_2","enable-bag-icon":false,"enable_color_swatch_in_filters":false,"enable_round_color_swatches":true,"custom-badge-1-text":"#151515","custom-badge-1-background":"#e3f2e6","custom-badge-1-input":"New","animations":false,"disabled_animations_on_mobile":false,"large_screen_logo_width":120,"mobile_screen_logo_width":90,"layout":"option_3","sticky_header":true,"type_button_font_uppercase":"uppercase","enable_wishlist":true,"type_banner_headings_font_size":20,"color-hedings-text":"#ff9900","always_mobile_navigation":false,"colors_solid_button_labels":"#d43c3c"},"Couture":{"radius":0,"button-radius":0,"color-background":"#ffffff","color-headings-text":"#2d2d2d","color-body-text":"#2d2d2d","color-body-text-light":"#6b6b6b","color-links":"#2d2d2d","color-links-active":"#000000","color-border":"#dddddd","color-overlay":"#2d2d2d","color-overlay-opacity":0,"color-action-text":"#ffffff","color-action-background":"#2d2d2d","color-header-text":"#2d2d2d","color-header-background":"#ffffff","color-menu-text":"#2d2d2d","color-menu-background":"#ffffff","color-button-primary-background":"#2d2d2d","color-button-primary-text":"#ffffff","color-button-primary-text-hover":"#ececec","color-button-primary-background-hover":"#000000","color-button-secondary-background":"#ffffff","color-button-secondary-border":"#dddddd","color-button-secondary-text":"#2d2d2d","color-button-secondary-text-hover":"#ffffff","color-button-secondary-background-hover":"#2d2d2d","color-price":"#2d2d2d","color-sale-price":"#8e8e8e","color-brand":"#8e8e8e","color-star-rating":"#2d2d2d","color-sale-badge-background":"#c60c0c","color-sold-out-text":"#ffffff","color-input-text":"#2d2d2d","color-input-background":"#ffffff","color-input-border":"#d6d6d6","color-input-placeholder":"#6b6b6b","color-footer-background":"#ffffff","color-footer-text":"#2d2d2d","type_body_font":"jost_n4","type_body_font_uppercase":"none","type_body_font_letter_spacing":0,"type_body_font_line_height":1.4,"type_headings_font":"jost_n4","type_headings_font_uppercase":"uppercase","type_headings_font_letter_spacing":2.5,"type_headings_font_line_height":1.2,"type_navigation_font":"jost_n4","type_navigation_font_uppercase":"uppercase","type_navigation_font_letter_spacing":2.5,"type_buttons_font":"jost_n4","button_font_uppercase":"uppercase","type_button_font_letter_spacing":2,"type_price_font":"jost_n4","type_price_font_letter_spacing":0.5,"type_body_font_size_breadcrumbs":13,"type_body_font_size":16,"type_headings_font_size":19,"type_navigation_font_size":14,"type_button_font_size":13,"type_body_font_size_desk_breadcrumbs":13,"type_body_font_size_desk":16,"type_headings_font_size_desk":22,"type_navigation_font_size_desk":14,"type_button_font_size_desk":14,"show_view_cart":false,"enable_cross_sells":true,"product_limit_cross_sells":5,"enable_free_shipping_bar":true,"free_shipping_bar_amount":"1000","currency_code_enabled":false,"iconset":"option_2","enable_color_swatch":true,"enable_color_swatch_in_filters":true,"enable_round_color_swatches":true,"color_swatch_names":"Color","variant_picture_swatch_names":"","custom-badge-1-text":"#212121","custom-badge-1-background":"#e4e4e4","custom-badge-1-input":"Limited","custom-badge-2-background":"#c60c0c","custom-badge-2-input":"Sale","custom-badge-3-text":"#252525","custom-badge-3-background":"#FFFFFF","custom-badge-3-input":"New","animations":true,"disabled_animations_on_mobile":true,"large_screen_logo_width":180,"mobile_screen_logo_width":110,"layout":"option_3","sticky_header":true,"type_button_font_uppercase":"uppercase","product_badges_metafield":"product_badges","mobile_footer_menu":"customer-service","enable_wishlist":true,"cart_drawer_show_order_note":true,"base_gap":8,"always_mobile_navigation":false,"colors_solid_button_labels":"#d43c3c"},"Living":{"layout-width":1600,"radius":12,"button-radius":30,"color-background":"#ffffff","color-headings-text":"#222321","color-body-text":"#222321","color-body-text-light":"#6b6b6b","color-links":"#222321","color-links-active":"#337489","color-border":"#dfdfdf","color-overlay":"#ff9900","color-overlay-opacity":0,"color-action-text":"#ffffff","color-action-background":"#222321","color-header-text":"#222321","color-header-background":"#ffffff","color-menu-text":"#222321","color-menu-background":"#ffffff","color-button-primary-background":"#222321","color-button-primary-text":"#ffffff","color-button-primary-text-hover":"#ffffff","color-button-primary-background-hover":"#000000","color-button-secondary-background":"#ffffff","color-button-secondary-border":"#e2e2e2","color-button-secondary-text":"#222321","color-button-secondary-text-hover":"#ffffff","color-button-secondary-background-hover":"#222321","color-price":"#222321","color-sale-price":"#d24646","color-brand":"#9b9b9b","color-star-rating":"#f2a541","color-sale-badge-background":"#d24646","color-sold-out-text":"#ffffff","color-sold-out-background":"#dfdfdf","color-input-text":"#222321","color-input-background":"#f8f8f8","color-input-border":"#dfdfdf","color-input-placeholder":"#717171","color-footer-background":"#f8f8f8","color-footer-text":"#222321","type_body_font":"dm_sans_n4","type_body_font_uppercase":"none","type_body_font_letter_spacing":0,"type_body_font_line_height":1.5,"type_headings_font":"dm_sans_n7","type_headings_font_uppercase":"none","type_headings_font_letter_spacing":0,"type_headings_font_line_height":1.2,"type_navigation_font":"dm_sans_n5","type_navigation_font_uppercase":"none","type_navigation_font_letter_spacing":0,"type_buttons_font":"dm_sans_n5","button_font_uppercase":"none","type_button_font_letter_spacing":0,"type_price_font":"dm_sans_n5","type_body_font_size_breadcrumbs":13,"type_body_font_size":16,"type_headings_font_size":22,"type_navigation_font_size":16,"type_button_font_size":16,"type_body_font_size_desk_breadcrumbs":14,"type_body_font_size_desk":17,"type_headings_font_size_desk":26,"type_navigation_font_size_desk":17,"type_button_font_size_desk":16,"show_view_cart":false,"enable_free_shipping_bar":true,"currency_code_enabled":false,"iconset":"option_3","enable-bag-icon":false,"enable_color_swatch":true,"enable_color_swatch_in_filters":true,"enable_round_color_swatches":true,"color_swatch_names":"Color","variant_picture_swatch_names":"","custom-badge-1-background":"#d24646","custom-badge-1-input":"Sale","custom-badge-2-background":"#91afa2","custom-badge-2-input":"Trending","animations":true,"disabled_animations_on_mobile":true,"large_screen_logo_width":140,"mobile_screen_logo_width":110,"layout":"option_1","sticky_header":true,"type_banner_headings_font_size":21,"type_banner_heading_font_size_desk":50,"color-hedings-text":"#1a7bf4","always_mobile_navigation":false,"colors_solid_button_labels":"#d43c3c"}}}